{
  "timestamp": "2026-03-26T02:56:22.215165",
  "world_size": 4,
  "backend": "nccl",
  "cuda_version": "12.4",
  "pytorch_version": "2.5.1+cu124",
  "gpu_name": "NVIDIA A30",
  "nccl_version": "(2, 21, 5)",
  "deployment": "docker",
  "results": {
    "all_reduce": {
      "0.00MB": {
        "avg_time_ms": 0.041564160138368604,
        "std_time_ms": 0.00833312887698412,
        "bandwidth_gbps": 0.022944630980908393,
        "size_elements": 256
      },
      "0.01MB": {
        "avg_time_ms": 0.06240256004035473,
        "std_time_ms": 0.10759545862674713,
        "bandwidth_gbps": 0.15282615261129098,
        "size_elements": 2560
      },
      "0.10MB": {
        "avg_time_ms": 0.0997785609960556,
        "std_time_ms": 0.2570250332355499,
        "bandwidth_gbps": 0.9557908100558297,
        "size_elements": 25600
      },
      "0.98MB": {
        "avg_time_ms": 0.25995264053344724,
        "std_time_ms": 0.31945160031318665,
        "bandwidth_gbps": 3.6686463905472193,
        "size_elements": 256000
      },
      "9.77MB": {
        "avg_time_ms": 1.9628031980991363,
        "std_time_ms": 0.05257057398557663,
        "bandwidth_gbps": 4.858736307999852,
        "size_elements": 2560000
      },
      "97.66MB": {
        "avg_time_ms": 21.57018114089966,
        "std_time_ms": 5.817362308502197,
        "bandwidth_gbps": 4.421262437142768,
        "size_elements": 25600000
      }
    },
    "all_gather": {
      "0.00MB": {
        "avg_time_ms": 0.060436480939388276,
        "std_time_ms": 0.00614913459867239,
        "bandwidth_gbps": 0.06311911624124439,
        "size_elements": 256,
        "total_size_mb": 0.00390625
      },
      "0.01MB": {
        "avg_time_ms": 0.05969920121133328,
        "std_time_ms": 0.002045412315055728,
        "bandwidth_gbps": 0.6389863161018006,
        "size_elements": 2560,
        "total_size_mb": 0.0390625
      },
      "0.10MB": {
        "avg_time_ms": 0.08634367890655995,
        "std_time_ms": 0.00937481690198183,
        "bandwidth_gbps": 4.418038834960019,
        "size_elements": 25600,
        "total_size_mb": 0.390625
      },
      "0.98MB": {
        "avg_time_ms": 0.359864319562912,
        "std_time_ms": 0.27238863706588745,
        "bandwidth_gbps": 10.600376470382775,
        "size_elements": 256000,
        "total_size_mb": 3.90625
      },
      "9.77MB": {
        "avg_time_ms": 3.5133644843101504,
        "std_time_ms": 0.07076018303632736,
        "bandwidth_gbps": 10.857675833693117,
        "size_elements": 2560000,
        "total_size_mb": 39.0625
      },
      "97.66MB": {
        "avg_time_ms": 33.82401016235352,
        "std_time_ms": 0.36337122321128845,
        "bandwidth_gbps": 11.278075093150246,
        "size_elements": 25600000,
        "total_size_mb": 390.625
      }
    },
    "reduce_scatter": {
      "0.00MB": {
        "avg_time_ms": 0.07193599954247475,
        "std_time_ms": 0.05818477272987366,
        "bandwidth_gbps": 0.013257260932937357,
        "size_elements": 256
      },
      "0.01MB": {
        "avg_time_ms": 0.06546431966125965,
        "std_time_ms": 0.004332881420850754,
        "bandwidth_gbps": 0.14567848888386348,
        "size_elements": 2560
      },
      "0.10MB": {
        "avg_time_ms": 0.07428096041083336,
        "std_time_ms": 0.005776908248662949,
        "bandwidth_gbps": 1.283874509876643,
        "size_elements": 25600
      },
      "0.98MB": {
        "avg_time_ms": 0.15473663941025734,
        "std_time_ms": 0.2537485361099243,
        "bandwidth_gbps": 6.163209437925998,
        "size_elements": 256000
      },
      "9.77MB": {
        "avg_time_ms": 0.8719667196273804,
        "std_time_ms": 0.2559058964252472,
        "bandwidth_gbps": 10.93704948755138,
        "size_elements": 2560000
      },
      "97.66MB": {
        "avg_time_ms": 8.777687034606934,
        "std_time_ms": 0.08812779933214188,
        "bandwidth_gbps": 10.864756428957774,
        "size_elements": 25600000
      }
    },
    "broadcast": {
      "0.00MB": {
        "avg_time_ms": 0.02670591963455081,
        "std_time_ms": 0.001625158591195941,
        "bandwidth_gbps": 0.03571022190797103,
        "size_elements": 256
      },
      "0.01MB": {
        "avg_time_ms": 0.027504639737308025,
        "std_time_ms": 0.003039139322936535,
        "bandwidth_gbps": 0.3467321606516666,
        "size_elements": 2560
      },
      "0.10MB": {
        "avg_time_ms": 0.0309350404702127,
        "std_time_ms": 0.003095339285209775,
        "bandwidth_gbps": 3.0828287337284768,
        "size_elements": 25600
      },
      "0.98MB": {
        "avg_time_ms": 0.5170175964385271,
        "std_time_ms": 1.5478051900863647,
        "bandwidth_gbps": 1.8445683918219233,
        "size_elements": 256000
      },
      "9.77MB": {
        "avg_time_ms": 0.5174784031510353,
        "std_time_ms": 0.15995143353939056,
        "bandwidth_gbps": 18.42925831491953,
        "size_elements": 2560000
      },
      "97.66MB": {
        "avg_time_ms": 4.831344637870789,
        "std_time_ms": 0.03241240233182907,
        "bandwidth_gbps": 19.73931457778474,
        "size_elements": 25600000
      }
    },
    "p2p": {
      "0.00MB": {
        "avg_time_ms": 0.028518400080502035,
        "std_time_ms": 0.0027667914982885122,
        "bandwidth_gbps": 0.03344066685768515,
        "size_elements": 256
      },
      "0.01MB": {
        "avg_time_ms": 0.02578431975096464,
        "std_time_ms": 0.0011678115697577596,
        "bandwidth_gbps": 0.36986599825677824,
        "size_elements": 2560
      },
      "0.10MB": {
        "avg_time_ms": 0.026388479582965373,
        "std_time_ms": 0.0012251314474269748,
        "bandwidth_gbps": 3.6139797801078237,
        "size_elements": 25600
      },
      "0.98MB": {
        "avg_time_ms": 0.08411135882139206,
        "std_time_ms": 0.0019144563702866435,
        "bandwidth_gbps": 11.338234571044662,
        "size_elements": 256000
      },
      "9.77MB": {
        "avg_time_ms": 0.47765503883361815,
        "std_time_ms": 0.1649826169013977,
        "bandwidth_gbps": 19.96575433884293,
        "size_elements": 2560000
      },
      "97.66MB": {
        "avg_time_ms": 4.386990075111389,
        "std_time_ms": 0.02460143342614174,
        "bandwidth_gbps": 21.738693274386666,
        "size_elements": 25600000
      }
    }
  }
}