{
  "timestamp": "2026-03-26T13:41:14.812632",
  "world_size": 2,
  "backend": "nccl",
  "cuda_version": "12.4",
  "pytorch_version": "2.5.1+cu124",
  "gpu_name": "NVIDIA A100-PCIE-40GB",
  "nccl_version": "(2, 21, 5)",
  "deployment": "docker",
  "results": {
    "all_reduce": {
      "0.00MB": {
        "avg_time_ms": 0.08440831944346427,
        "std_time_ms": 0.005036058370023966,
        "bandwidth_gbps": 0.011298345029188861,
        "size_elements": 256
      },
      "0.01MB": {
        "avg_time_ms": 0.08493055932223798,
        "std_time_ms": 0.007249282673001289,
        "bandwidth_gbps": 0.11228871256903904,
        "size_elements": 2560
      },
      "0.10MB": {
        "avg_time_ms": 0.0885452800989151,
        "std_time_ms": 0.0034883935004472733,
        "bandwidth_gbps": 1.0770470377877712,
        "size_elements": 25600
      },
      "0.98MB": {
        "avg_time_ms": 0.1987891210615635,
        "std_time_ms": 0.007819784805178642,
        "bandwidth_gbps": 4.797417038284022,
        "size_elements": 256000
      },
      "9.77MB": {
        "avg_time_ms": 1.1554304027557374,
        "std_time_ms": 0.026300333440303802,
        "bandwidth_gbps": 8.253844750248108,
        "size_elements": 2560000
      },
      "97.66MB": {
        "avg_time_ms": 7.284858903884888,
        "std_time_ms": 0.028534339740872383,
        "bandwidth_gbps": 13.091184455167308,
        "size_elements": 25600000
      }
    },
    "all_gather": {
      "0.00MB": {
        "avg_time_ms": 0.061480959989130494,
        "std_time_ms": 0.002772699110209942,
        "bandwidth_gbps": 0.0310234035569664,
        "size_elements": 256,
        "total_size_mb": 0.001953125
      },
      "0.01MB": {
        "avg_time_ms": 0.06901760045439005,
        "std_time_ms": 0.013462717644870281,
        "bandwidth_gbps": 0.2763568452474615,
        "size_elements": 2560,
        "total_size_mb": 0.01953125
      },
      "0.10MB": {
        "avg_time_ms": 0.06401024013757706,
        "std_time_ms": 0.0066338758915662766,
        "bandwidth_gbps": 2.979755471488687,
        "size_elements": 25600,
        "total_size_mb": 0.1953125
      },
      "0.98MB": {
        "avg_time_ms": 0.14329855829477312,
        "std_time_ms": 0.069273442029953,
        "bandwidth_gbps": 13.310312786880784,
        "size_elements": 256000,
        "total_size_mb": 1.953125
      },
      "9.77MB": {
        "avg_time_ms": 0.8943820810317993,
        "std_time_ms": 0.00569893978536129,
        "bandwidth_gbps": 21.325881558495638,
        "size_elements": 2560000,
        "total_size_mb": 19.53125
      },
      "97.66MB": {
        "avg_time_ms": 8.515727396011352,
        "std_time_ms": 0.013351372443139553,
        "bandwidth_gbps": 22.397953153196,
        "size_elements": 25600000,
        "total_size_mb": 195.3125
      }
    },
    "reduce_scatter": {
      "0.00MB": {
        "avg_time_ms": 0.06362111985683441,
        "std_time_ms": 0.0029886565171182156,
        "bandwidth_gbps": 0.014989901443927553,
        "size_elements": 256
      },
      "0.01MB": {
        "avg_time_ms": 0.06178816009312868,
        "std_time_ms": 0.0023836519103497267,
        "bandwidth_gbps": 0.15434580265359057,
        "size_elements": 2560
      },
      "0.10MB": {
        "avg_time_ms": 0.06410239946097135,
        "std_time_ms": 0.002545998664572835,
        "bandwidth_gbps": 1.4877357547074244,
        "size_elements": 25600
      },
      "0.98MB": {
        "avg_time_ms": 0.10644479870796203,
        "std_time_ms": 0.0027437268290668726,
        "bandwidth_gbps": 8.95933223588233,
        "size_elements": 256000
      },
      "9.77MB": {
        "avg_time_ms": 0.4831231999397278,
        "std_time_ms": 0.048227038234472275,
        "bandwidth_gbps": 19.73977479295604,
        "size_elements": 2560000
      },
      "97.66MB": {
        "avg_time_ms": 4.29786111831665,
        "std_time_ms": 0.09098634123802185,
        "bandwidth_gbps": 22.189509855073613,
        "size_elements": 25600000
      }
    },
    "broadcast": {
      "0.00MB": {
        "avg_time_ms": 0.03343360010534525,
        "std_time_ms": 0.0012802588753402233,
        "bandwidth_gbps": 0.028524427922848185,
        "size_elements": 256
      },
      "0.01MB": {
        "avg_time_ms": 0.033218560069799424,
        "std_time_ms": 0.0012117883889004588,
        "bandwidth_gbps": 0.2870908053818024,
        "size_elements": 2560
      },
      "0.10MB": {
        "avg_time_ms": 0.03313664000481367,
        "std_time_ms": 0.0012479586293920875,
        "bandwidth_gbps": 2.8780054835605307,
        "size_elements": 25600
      },
      "0.98MB": {
        "avg_time_ms": 0.07328768245875836,
        "std_time_ms": 0.0011757212923839688,
        "bandwidth_gbps": 13.012750361466502,
        "size_elements": 256000
      },
      "9.77MB": {
        "avg_time_ms": 0.4632678437232971,
        "std_time_ms": 0.035021379590034485,
        "bandwidth_gbps": 20.585808605698634,
        "size_elements": 2560000
      },
      "97.66MB": {
        "avg_time_ms": 4.281866250038147,
        "std_time_ms": 0.005893227178603411,
        "bandwidth_gbps": 22.27239854579189,
        "size_elements": 25600000
      }
    },
    "p2p": {
      "0.00MB": {
        "avg_time_ms": 0.032532479763031,
        "std_time_ms": 0.001490362687036395,
        "bandwidth_gbps": 0.029314528844800163,
        "size_elements": 256
      },
      "0.01MB": {
        "avg_time_ms": 0.03183615960180759,
        "std_time_ms": 0.00110934569966048,
        "bandwidth_gbps": 0.2995569592357812,
        "size_elements": 2560
      },
      "0.10MB": {
        "avg_time_ms": 0.03211263969540596,
        "std_time_ms": 0.0008299898472614586,
        "bandwidth_gbps": 2.9697786462029243,
        "size_elements": 25600
      },
      "0.98MB": {
        "avg_time_ms": 0.0843571188300848,
        "std_time_ms": 0.002057185396552086,
        "bandwidth_gbps": 11.305202567754545,
        "size_elements": 256000
      },
      "9.77MB": {
        "avg_time_ms": 0.4584959986805916,
        "std_time_ms": 0.07613498717546463,
        "bandwidth_gbps": 20.800057561039292,
        "size_elements": 2560000
      },
      "97.66MB": {
        "avg_time_ms": 4.239687685966492,
        "std_time_ms": 0.014582755044102669,
        "bandwidth_gbps": 22.49397566624881,
        "size_elements": 25600000
      }
    }
  }
}