{
  "timestamp": "2026-03-26T02:56:38.533651",
  "world_size": 4,
  "backend": "nccl",
  "cuda_version": "12.4",
  "pytorch_version": "2.5.1+cu124",
  "gpu_name": "NVIDIA A30",
  "nccl_version": "(2, 21, 5)",
  "deployment": "docker",
  "results": {
    "all_reduce": {
      "0.00MB": {
        "avg_time_ms": 0.038389760479331014,
        "std_time_ms": 0.002824079245328903,
        "bandwidth_gbps": 0.024841892851082174,
        "size_elements": 256
      },
      "0.01MB": {
        "avg_time_ms": 0.04794368017464876,
        "std_time_ms": 0.012893990613520145,
        "bandwidth_gbps": 0.19891554276438825,
        "size_elements": 2560
      },
      "0.10MB": {
        "avg_time_ms": 0.109567999728024,
        "std_time_ms": 0.315899133682251,
        "bandwidth_gbps": 0.8703949317077206,
        "size_elements": 25600
      },
      "0.98MB": {
        "avg_time_ms": 0.19226624086499214,
        "std_time_ms": 0.005888946820050478,
        "bandwidth_gbps": 4.9601755987725,
        "size_elements": 256000
      },
      "9.77MB": {
        "avg_time_ms": 1.496412159204483,
        "std_time_ms": 0.08603424578905106,
        "bandwidth_gbps": 6.373072489020931,
        "size_elements": 2560000
      },
      "97.66MB": {
        "avg_time_ms": 16.84387845993042,
        "std_time_ms": 0.18550065159797668,
        "bandwidth_gbps": 5.661845154457316,
        "size_elements": 25600000
      }
    },
    "all_gather": {
      "0.00MB": {
        "avg_time_ms": 0.0657203197106719,
        "std_time_ms": 0.004320946987718344,
        "bandwidth_gbps": 0.05804441126304436,
        "size_elements": 256,
        "total_size_mb": 0.00390625
      },
      "0.01MB": {
        "avg_time_ms": 0.07617536034435034,
        "std_time_ms": 0.11148843169212341,
        "bandwidth_gbps": 0.5007783682782306,
        "size_elements": 2560,
        "total_size_mb": 0.0390625
      },
      "0.10MB": {
        "avg_time_ms": 0.12695551961660384,
        "std_time_ms": 0.2739567458629608,
        "bandwidth_gbps": 3.0047510160606645,
        "size_elements": 25600,
        "total_size_mb": 0.390625
      },
      "0.98MB": {
        "avg_time_ms": 0.3270860797166824,
        "std_time_ms": 0.20515789091587067,
        "bandwidth_gbps": 11.662670783572446,
        "size_elements": 256000,
        "total_size_mb": 3.90625
      },
      "9.77MB": {
        "avg_time_ms": 3.557888000011444,
        "std_time_ms": 0.0986919179558754,
        "bandwidth_gbps": 10.721802557058373,
        "size_elements": 2560000,
        "total_size_mb": 39.0625
      },
      "97.66MB": {
        "avg_time_ms": 34.13835781097412,
        "std_time_ms": 0.37341976165771484,
        "bandwidth_gbps": 11.174226032626347,
        "size_elements": 25600000,
        "total_size_mb": 390.625
      }
    },
    "reduce_scatter": {
      "0.00MB": {
        "avg_time_ms": 0.06723583955317736,
        "std_time_ms": 0.03533784672617912,
        "bandwidth_gbps": 0.01418401737442397,
        "size_elements": 256
      },
      "0.01MB": {
        "avg_time_ms": 0.06497279956936836,
        "std_time_ms": 0.0033105500042438507,
        "bandwidth_gbps": 0.14678054858757586,
        "size_elements": 2560
      },
      "0.10MB": {
        "avg_time_ms": 0.07332864113152027,
        "std_time_ms": 0.02771778590977192,
        "bandwidth_gbps": 1.3005481919346706,
        "size_elements": 25600
      },
      "0.98MB": {
        "avg_time_ms": 0.14692352078855037,
        "std_time_ms": 0.2204974740743637,
        "bandwidth_gbps": 6.490957412998294,
        "size_elements": 256000
      },
      "9.77MB": {
        "avg_time_ms": 0.8573132801055908,
        "std_time_ms": 0.22879819571971893,
        "bandwidth_gbps": 11.123988611126972,
        "size_elements": 2560000
      },
      "97.66MB": {
        "avg_time_ms": 8.916285419464112,
        "std_time_ms": 0.10905161499977112,
        "bandwidth_gbps": 10.695870214342778,
        "size_elements": 25600000
      }
    },
    "broadcast": {
      "0.00MB": {
        "avg_time_ms": 0.02777087990194559,
        "std_time_ms": 0.0021650525741279125,
        "bandwidth_gbps": 0.03434080302005256,
        "size_elements": 256
      },
      "0.01MB": {
        "avg_time_ms": 0.027719679940491914,
        "std_time_ms": 0.001405508490279317,
        "bandwidth_gbps": 0.344042326049067,
        "size_elements": 2560
      },
      "0.10MB": {
        "avg_time_ms": 0.06468607984483242,
        "std_time_ms": 0.22660040855407715,
        "bandwidth_gbps": 1.4743115036402012,
        "size_elements": 25600
      },
      "0.98MB": {
        "avg_time_ms": 0.3225088070333004,
        "std_time_ms": 1.078273892402649,
        "bandwidth_gbps": 2.9570489103194597,
        "size_elements": 256000
      },
      "9.77MB": {
        "avg_time_ms": 0.5423820787668228,
        "std_time_ms": 0.2415590137243271,
        "bandwidth_gbps": 17.58307203981655,
        "size_elements": 2560000
      },
      "97.66MB": {
        "avg_time_ms": 4.838031353950501,
        "std_time_ms": 0.0387030690908432,
        "bandwidth_gbps": 19.71203257348727,
        "size_elements": 25600000
      }
    },
    "p2p": {
      "0.00MB": {
        "avg_time_ms": 0.033085439912974836,
        "std_time_ms": 0.0021474426612257957,
        "bandwidth_gbps": 0.028824592295424056,
        "size_elements": 256
      },
      "0.01MB": {
        "avg_time_ms": 0.03287039991468191,
        "std_time_ms": 0.001084286137484014,
        "bandwidth_gbps": 0.29013164393545493,
        "size_elements": 2560
      },
      "0.10MB": {
        "avg_time_ms": 0.046233599483966825,
        "std_time_ms": 0.13062991201877594,
        "bandwidth_gbps": 2.0627299778745782,
        "size_elements": 25600
      },
      "0.98MB": {
        "avg_time_ms": 0.07942143827676773,
        "std_time_ms": 0.002140649128705263,
        "bandwidth_gbps": 12.007769402045918,
        "size_elements": 256000
      },
      "9.77MB": {
        "avg_time_ms": 0.47575040012598035,
        "std_time_ms": 0.22640995681285858,
        "bandwidth_gbps": 20.045686060457623,
        "size_elements": 2560000
      },
      "97.66MB": {
        "avg_time_ms": 4.34638846874237,
        "std_time_ms": 0.021955329924821854,
        "bandwidth_gbps": 21.94176436976873,
        "size_elements": 25600000
      }
    }
  }
}